date,close_date,tk,name,tag,mkt,sector,entry_rs,curr_rs,px,last_px,shares,days_held,status,fx_entry,fx_exit,mcap,sources,cfg
2026-09-04,,SNDK,Sandisk Corporation,🅱️ RS 核心,US,Technology,100,100,1740.0,1739.89,2.8736,,OPEN,,,254769070080,"['S&P500', 'NDX100']",N20|trd1|liq0.35
2026-09-04,,MRNA,"Moderna, Inc.",🅱️ RS 核心,US,Healthcare,99,99,145.55,192.57,34.3525,,OPEN,,,58108788736,['S&P500'],N20|trd1|liq0.35
2026-09-04,,MU,"Micron Technology, Inc.",🅱️ RS 核心,US,Technology,99,99,1016.59,1065.11,4.9184,,OPEN,,,1148129771520,"['S&P500', 'NDX100']",N20|trd1|liq0.35
2026-09-04,,5801.T,FURUKAWA ELECTRIC CO,🅱️ RS 核心,JP,Industrials,99,99,3844.0,3937.0,200,,OPEN,156.221,158.074,2704240279552,"['NK225', 'TOPIX400']",N20|trd1|liq0.35
2026-09-04,,DELL,Dell Technologies Inc.,🅱️ RS 核心,US,Technology,99,99,524.14,537.95,9.5394,,OPEN,,,338669076480,['S&P500'],N20|trd1|liq0.35
2026-09-04,,LITE,Lumentum Holdings Inc.,🅱️ RS 核心,US,Technology,99,99,881.26,971.26,5.6737,,OPEN,,,79048572928,"['S&P500', 'NDX100']",N20|trd1|liq0.35
2026-09-04,,MRVL,"Marvell Technology, Inc.",🅱️ RS 核心,US,Technology,99,99,223.55,264.21,22.3664,,OPEN,,,200905424896,"['S&P500', 'NDX100']",N20|trd1|liq0.35
2026-09-04,2026-10-01,7389.T,AICHI FINANCIAL GROUP INC,🅱️ RS 核心,JP,Financial Services,99,98,1923.0,1999.0,400,19,✅ RS 換倉平倉,156.221,158.074,468698923008,['TOPIX500'],N20|trd1|liq0.35
2026-09-04,2026-10-01,CORT,Corcept Therapeutics Incorporat,🅱️ RS 核心,US,Healthcare,99,98,111.62,115.23,44.7948,19,✅ RS 換倉平倉,,,12065943552,['S&P600'],N20|trd1|liq0.35
2026-09-04,,HPE,Hewlett Packard Enterprise Comp,🅱️ RS 核心,US,Technology,99,99,52.0,63.89,96.1538,,OPEN,,,69028167680,['S&P500'],N20|trd1|liq0.35
2026-09-04,2026-10-01,NBIS,Nebius Group N.V.,🅱️ RS 核心,US,Communication Services,99,96,226.39,235.88,22.0858,19,✅ RS 換倉平倉,,,61545304064,['NDX100'],N20|trd1|liq0.35
2026-09-04,2026-10-01,LFST,"LifeStance Health Group, Inc.",🅱️ RS 核心,US,Healthcare,98,97,12.73,12.03,392.773,19,✅ RS 換倉平倉,,,4863567872,['S&P600'],N20|trd1|liq0.35
2026-09-04,2026-10-01,8368.T,HYAKUGO BANK,🅱️ RS 核心,JP,Financial Services,98,98,2376.0,2506.0,300,19,✅ RS 換倉平倉,156.221,158.074,573541777408,['TOPIX500'],N20|trd1|liq0.35
2026-09-04,2026-10-01,7762.T,CITIZEN WATCH CO LTD,🅱️ RS 核心,JP,Consumer Cyclical,98,95,2613.0,2341.0,200,19,✅ RS 換倉平倉,156.221,158.074,637555048448,"['NK225', 'TOPIX500']",N20|trd1|liq0.35
2026-09-04,2026-10-01,8386.T,HYAKUJUSHI BANK,🅱️ RS 核心,JP,Financial Services,98,97,3115.0,3160.0,200,19,✅ RS 換倉平倉,156.221,158.074,352270974976,['TOPIX500'],N20|trd1|liq0.35
2026-09-04,2026-10-01,ARWR,"Arrowhead Pharmaceuticals, Inc.",🅱️ RS 核心,US,Healthcare,98,85,86.34,65.45,57.9106,19,✅ RS 換倉平倉,,,12195909632,['S&P400'],N20|trd1|liq0.35
2026-09-04,2026-10-01,8346.T,TOHO BANK,🅱️ RS 核心,JP,Financial Services,98,98,992.0,1076.0,700,19,✅ RS 換倉平倉,156.221,158.074,247888297984,['TOPIX500'],N20|trd1|liq0.35
2026-09-04,2026-10-01,RNG,"Ringcentral, Inc.",🅱️ RS 核心,US,Technology,98,98,73.39,74.7,68.1292,19,✅ RS 換倉平倉,,,6128517120,['S&P600'],N20|trd1|liq0.35
2026-09-04,2026-10-01,8366.T,SHIGA BANK,🅱️ RS 核心,JP,Financial Services,98,98,2862.0,2982.0,200,19,✅ RS 換倉平倉,156.221,158.074,657914789888,['TOPIX500'],N20|trd1|liq0.35
2026-09-04,2026-10-01,HUM,Humana Inc.,🅱️ RS 核心,US,Healthcare,98,94,401.54,381.57,12.4521,19,✅ RS 換倉平倉,,,48217047040,['S&P500'],N20|trd1|liq0.35
2026-10-01,,MXL,"MaxLinear, Inc",🅱️ RS 核心,US,Technology,99,99,90.31,90.31,57.6177,,OPEN,,,8190501888,['S&P600'],N20|trd1|liq0.35
2026-10-01,,8388.T,AWA BANK,🅱️ RS 核心,JP,Financial Services,99,99,2165.0,2165.0,300,,OPEN,158.074,,421227069440,['TOPIX500'],N20|trd1|liq0.35
2026-10-01,,AMD,"Advanced Micro Devices, Inc.",🅱️ RS 核心,US,Technology,99,99,611.76,611.76,8.5057,,OPEN,,,998682918912,"['S&P500', 'NDX100']",N20|trd1|liq0.35
2026-10-01,,STX,Seagate Technology Holdings PLC,🅱️ RS 核心,US,Technology,99,99,922.34,922.34,5.6416,,OPEN,,,209733681152,"['S&P500', 'NDX100']",N20|trd1|liq0.35
2026-10-01,,OKTA,"Okta, Inc.",🅱️ RS 核心,US,Technology,99,99,209.11,209.11,24.8838,,OPEN,,,36556804096,['S&P400'],N20|trd1|liq0.35
2026-10-01,,5301.T,TOKAI CARBON CO,🅱️ RS 核心,JP,Basic Materials,99,99,2288.0,2288.0,300,,OPEN,158.074,,463955918848,"['NK225', 'TOPIX400']",N20|trd1|liq0.35
2026-10-01,,INTC,Intel Corporation,🅱️ RS 核心,US,Technology,99,99,120.23,120.23,43.2792,,OPEN,,,635548401664,"['S&P500', 'NDX100']",N20|trd1|liq0.35
2026-10-01,,COHU,"Cohu, Inc.",🅱️ RS 核心,US,Technology,99,99,68.14,68.14,76.3642,,OPEN,,,3225640704,['S&P600'],N20|trd1|liq0.35
2026-10-01,,PENG,"Penguin Solutions, Inc.",🅱️ RS 核心,US,Technology,99,99,54.69,54.69,95.1446,,OPEN,,,2802463232,['S&P600'],N20|trd1|liq0.35
2026-10-01,,6134.T,FUJI CORPORATION,🅱️ RS 核心,JP,Industrials,99,99,7840.0,7840.0,100,,OPEN,158.074,,690117607424,['TOPIX400'],N20|trd1|liq0.35
2026-10-01,,ILMN,"Illumina, Inc.",🅱️ RS 核心,US,Healthcare,99,99,273.68,273.68,19.0129,,OPEN,,,41325678592,['S&P400'],N20|trd1|liq0.35
2026-10-01,,ALAB,"Astera Labs, Inc.",🅱️ RS 核心,US,Technology,99,99,355.97,355.97,14.6177,,OPEN,,,61755494400,['NDX100'],N20|trd1|liq0.35
